Constituency,Candidate,Party,Votes,Assembly Constituencies,Margin
Achanta,SATYANARAYANA PITHANI,Telugu Desam,135,Andhra pradesh,26554
Addanki,GOTTIPATI RAVI KUMAR,Telugu Desam,135,Andhra pradesh,24890
Adoni,DR. PARTHA SARATHI VALMIKI,Bharatiya Janata Party,8,Andhra pradesh,18164
Allagadda,AKHILA PRIYA BHUMA,Telugu Desam,135,Andhra pradesh,12037
Alur,B. VIRUPAKSHI,Yuvajana Sramika Rythu Congress Party,11,Andhra pradesh,2831
Amadalavalasa,KOONA RAVI KUMAR,Telugu Desam,135,Andhra pradesh,35032
Amalapuram,AITHABATHULA ANANDARAO,Telugu Desam,135,Andhra pradesh,38628
Anakapalle,KONATHALA RAMAKRISHNA,Janasena Party,21,Andhra pradesh,65764
Anantapur Urban,DAGGUPATI PRASAD,Telugu Desam,135,Andhra pradesh,23023
Anaparthy,RAMAKRISHNA REDDY NALLAMILLI,Bharatiya Janata Party,8,Andhra pradesh,20850
Araku Valley,REGAM MATYALINGAM,Yuvajana Sramika Rythu Congress Party,11,Andhra pradesh,31877
Atmakur,ANAM.RAMANARAYANA REDDY,Telugu Desam,135,Andhra pradesh,7576
Avanigadda,BUDDHAPRASAD MANDALI,Janasena Party,21,Andhra pradesh,46434
Badvel,DASARI SUDHA,Yuvajana Sramika Rythu Congress Party,11,Andhra pradesh,18567
Banaganapalle,B.C. JANARDHAN REDDY,Telugu Desam,135,Andhra pradesh,25566
Bapatla,VEGESANA NARENDRA VARMA RAJU,Telugu Desam,135,Andhra pradesh,27768
Bhimavaram,RAMANJANEYULU PULAPARTHI (ANJIBABU),Janasena Party,21,Andhra pradesh,66974
Bhimili,GANTA SRINIVASA RAO,Telugu Desam,135,Andhra pradesh,92401
Bobbili,R.V.S.K.K.RANGA RAO @ BABYNAYANA,Telugu Desam,135,Andhra pradesh,44648
Chandragiri,VENKATA MANI PRASAD PULLIVARTHI,Telugu Desam,135,Andhra pradesh,43852
Cheepurupalle,BOTCHA SATYANARAYANA,Telugu Desam,135,Andhra pradesh,11971
Chilakaluripet,KAVATI SIVA NAGA MANOHAR NAIDU,Telugu Desam,135,Andhra pradesh,33262
Chintalapudi,KAMBHAM VIJAYA RAJU,Telugu Desam,135,Andhra pradesh,27766
Chirala,KARANAM VENKATESH,Telugu Desam,135,Andhra pradesh,20984
Chittoor,M.C. VIJAYANANDA REDDY,Telugu Desam,135,Andhra pradesh,14604
Chodavaram,KARANAM DHARMASRI,Telugu Desam,135,Andhra pradesh,42189
Darsi,GOTTIPATI LAKSHMI,Yuvajana Sramika Rythu Congress Party,11,Andhra pradesh,2456
Denduluru,ABBAYA CHOWDARY KOTHARU,Telugu Desam,135,Andhra pradesh,26266
Dharmavaram,KETHIREDDY VENKATA RAMI REDDY,Bharatiya Janata Party,8,Andhra pradesh,3734
Dhone,BUGGANA RAJA REDDY,Telugu Desam,135,Andhra pradesh,6049
Eluru,ALLA KALI KRISHNA SRINIVAS,Telugu Desam,135,Andhra pradesh,62388
Etcherla,KIRAN KUMAR GORLE,Bharatiya Janata Party,8,Andhra pradesh,29089
Gajapathinagaram,APPALANARASAYYA BOTCHA,Telugu Desam,135,Andhra pradesh,25301
Gajuwaka,AVSS AMARNATH GUDIVADA,Telugu Desam,135,Andhra pradesh,95235
Gangadhara Nellore (SC),K. KRUPALAKSHMI,Telugu Desam,135,Andhra pradesh,26011
Gannavaram,VAMSI VALLABHANENI,Telugu Desam,135,Andhra pradesh,37628
Gannavaram(SC),VIPPARTHI . VENUGOPALARAO,Janasena Party,21,Andhra pradesh,33367
Giddalur,KUNDURU NAGARJUNA REDDY (KP),Telugu Desam,135,Andhra pradesh,973
Gopalapuram,TANETI VANITA,Telugu Desam,135,Andhra pradesh,26784
Gudivada,KODALI SRI VENKATESWARA RAO (NANI),Telugu Desam,135,Andhra pradesh,53040
Uravakonda,Y. VISWESWARA REDDY,Telugu Desam,135,Andhra pradesh,21704
Vemuru (SC),ASHOK BABU VARIKUTI,Telugu Desam,135,Andhra pradesh,22021
Venkatagiri,NEDURUMALLI RAM KUMAR REDDY,Telugu Desam,135,Andhra pradesh,16294
Vijayawada Central,VELAMPALLI SRINIVASA RAO,Telugu Desam,135,Andhra pradesh,68886
Vijayawada East,AVINASH DEVINENI,Telugu Desam,135,Andhra pradesh,49640
Vijayawada West,ASIF SHAIK,Bharatiya Janata Party,8,Andhra pradesh,47032
Vinukonda,BOLLA BRAHMA NAIDU,Telugu Desam,135,Andhra pradesh,30267
Visakhapatnam East,M V V SATYANARAYANA,Telugu Desam,135,Andhra pradesh,70877
Visakhapatnam North,KANNAPARAJU KAMMILA (K.K. RAJU),Bharatiya Janata Party,8,Andhra pradesh,47534
Visakhapatnam South,GANESH KUMAR VASUPALLI,Janasena Party,21,Andhra pradesh,64594
Visakhapatnam West,ADARI ANAND KUMAR,Telugu Desam,135,Andhra pradesh,35184
Vizianagaram,KOLAGATLA VEERABHADRA SWAMY,Telugu Desam,135,Andhra pradesh,60609
Yelamanchili,UPPALAPATI VENKATA RAMANAMURTHY RAJU,Janasena Party,21,Andhra pradesh,48956
Yemmiganur,BUTTA RENUKA,Telugu Desam,135,Andhra pradesh,15837
Yerragondapalem (SC),ERIXION BABU GUDURI,Yuvajana Sramika Rythu Congress Party,11,Andhra pradesh,5200
Gudur,PASIM SUNIL KUMAR,Telugu Desam,135,Andhra pradesh,21192
Guntakal,GUMMANUR JAYARAM,Telugu Desam,135,Andhra pradesh,6826
Guntur East,MOHAMMED NASEER AHMED,Telugu Desam,135,Andhra pradesh,31962
Guntur West,GALLA MADHAVI,Telugu Desam,135,Andhra pradesh,51150
Gurajala,YARAPATHINENI SRINIVASA RAO,Telugu Desam,135,Andhra pradesh,29486
Hindupur,NANDAMURI BALAKRISHNA,Telugu Desam,135,Andhra pradesh,32597
Ichchapuram,ASHOK BENDALAM,Telugu Desam,135,Andhra pradesh,39783
Jaggampeta,JYOTHULA NEHRU,Telugu Desam,135,Andhra pradesh,52676
Jaggayyapeta,RAJAGOPAL SREERAM (TATAIAH),Telugu Desam,135,Andhra pradesh,15977
Jammalamadugu,ADINARAYANA REDDY CHADIPIRALA,Bharatiya Janata Party,8,Andhra pradesh,17191
Kadapa,MADHAVI REDDAPPA GARI,Telugu Desam,135,Andhra pradesh,18860
Kadiri,KANDIKUNTA VENKATA PRASAD,Telugu Desam,135,Andhra pradesh,6265
Kaikalur,KAMINENI SRINIVAS,Bharatiya Janata Party,8,Andhra pradesh,45273
Kakinada City,VANAMADI VENKATESWARA RAO @ KONDABABU,Telugu Desam,135,Andhra pradesh,56572
Kakinada Rural,PANTAM VENKATESWARA RAO (PANTAM NANAJI),Janasena Party,21,Andhra pradesh,72040
Kalyandurg,AMILINENI SURENDRA BABU,Telugu Desam,135,Andhra pradesh,37734
Kamalapuram,KRISHNA CHAITANYA REDDY PUTHA,Telugu Desam,135,Andhra pradesh,25357
Kandukur,INTURI NAGESWARA RAO,Telugu Desam,135,Andhra pradesh,18558
Kanigiri,DR. UGRA NARASIMHA REDDY MUKKU,Telugu Desam,135,Andhra pradesh,14604
Kavali,DAGUMATI VENKATA KRISHNA REDDY,Telugu Desam,135,Andhra pradesh,30948
Kodumur (SC),BOGGULA DASTAGIRI,Telugu Desam,135,Andhra pradesh,21583
Kodur (SC),ARAVA SREEDHAR,Janasena Party,21,Andhra pradesh,11101
Kondapi (SC),DOCTOR DOLA SREE BALA VEERANJANEYA SWAMY,Telugu Desam,135,Andhra pradesh,24756
Kothapeta,BANDARU SATYANANDA RAO,Telugu Desam,135,Andhra pradesh,56479
Kovur,PRASHANTHI REDDY VEMIREDDY,Telugu Desam,135,Andhra pradesh,54583
Kovvur,MUPPIDI VENKATESWARA RAO,Telugu Desam,135,Andhra pradesh,33946
Kuppam,CHANDRABABU NAIDU NARA,Telugu Desam,135,Andhra pradesh,48006
Kurnool,T.G.BHARATH,Telugu Desam,135,Andhra pradesh,18876
Kurupam,JAGADEESWARI THOYAKA,Telugu Desam,135,Andhra pradesh,23500
Macherla,JULAKANTI BRAHMANANDA REDDY,Telugu Desam,135,Andhra pradesh,33318
Machilipatnam,KOLLU. RAVINDRA,Telugu Desam,135,Andhra pradesh,50242
Madakasira (SC),M.S.RAJU,Telugu Desam,135,Andhra pradesh,351
Madanapalle,M.SHAJAHAN BASHA,Telugu Desam,135,Andhra pradesh,5509
Madugula,BANDARU SATYANARAYANA MURTHY,Telugu Desam,135,Andhra pradesh,28026
Mandapeta,JOGESWARA RAO.V,Telugu Desam,135,Andhra pradesh,44435
Mangalagiri,NARA LOKESH,Telugu Desam,135,Andhra pradesh,91413
Mantralayam,Y. BALANAGI REDDY,Yuvajana Sramika Rythu Congress Party,11,Andhra pradesh,12805
Markapuram,KANDULA NARAYANA REDDY,Telugu Desam,135,Andhra pradesh,13979
Mummidivaram,DATLA SUBBARAJU (BUCHIBABU),Telugu Desam,135,Andhra pradesh,38736
Mydukur,SUDHAKAR PUTTA,Telugu Desam,135,Andhra pradesh,20950
Mylavaram,VASANTHA VENKATA KRISHNA PRASAD,Telugu Desam,135,Andhra pradesh,42829
Nagari,GALI BHANU PRAKASH,Telugu Desam,135,Andhra pradesh,45004
Nandigama (SC),TANGIRALA SOWMYA,Telugu Desam,135,Andhra pradesh,27395
Nandikotkur (SC),G JAYASURYA,Telugu Desam,135,Andhra pradesh,9792
Nandyal,NASYAM MOHAMMED FAROOK,Telugu Desam,135,Andhra pradesh,12333
Narasannapeta,BAGGU RAMANAMURTHY,Telugu Desam,135,Andhra pradesh,29371
Narasapuram,BOMMIDI NARAYANA NAYAKAR,Janasena Party,21,Andhra pradesh,49738
Narasaraopet,ARAVINDA BABU CHADALAVADA,Telugu Desam,135,Andhra pradesh,19705
Narsipatnam,AYYANNAPATRUDU CHINTAKAYALA,Telugu Desam,135,Andhra pradesh,24676
Nellimarla,LOKAM NAGA MADHAVI,Janasena Party,21,Andhra pradesh,39829
Nellore City,NARAYANA PONGURU,Telugu Desam,135,Andhra pradesh,72489
Nellore Rural,KOTAMREDDY SRIDHAR REDDY,Telugu Desam,135,Andhra pradesh,34480
Nidadavole,KANDULA DURGESH,Janasena Party,21,Andhra pradesh,33304
Nuzvid,KOLUSU PARTHA SARATHY,Telugu Desam,135,Andhra pradesh,12378
Ongole,DAMACHARLA JANARDHANA RAO,Telugu Desam,135,Andhra pradesh,34026
Paderu,MATSYARASA VISWESWARA RAJU,Yuvajana Sramika Rythu Congress Party,11,Andhra pradesh,19338
Palacole,DR.NIMMALA RAMANAIDU,Telugu Desam,135,Andhra pradesh,67945
Palakonda,JAYAKRISHNA NIMMAKA,Janasena Party,21,Andhra pradesh,13291
Palamaner,AMARANATHA REDDY. N,Telugu Desam,135,Andhra pradesh,20122
Palasa,GOUTHU SIREESHA,Telugu Desam,135,Andhra pradesh,40350
Pamarru (SC),KUMAR RAJA VARLA,Telugu Desam,135,Andhra pradesh,29690
Panyam,GOWRU CHARITHA REDDY,Telugu Desam,135,Andhra pradesh,40591
Parchur,YELURI SAMBASIVA RAO,Telugu Desam,135,Andhra pradesh,24013
Parvathipuram,BONELA VIJAYA CHANDRA,Telugu Desam,135,Andhra pradesh,24414
Pathapatnam,MAMIDI GOVINDA RAO,Telugu Desam,135,Andhra pradesh,26527
Pattikonda,K.E. SHYAM KUMAR,Telugu Desam,135,Andhra pradesh,14211
Payakaraopet,ANITHA VANGALAPUDI,Telugu Desam,135,Andhra pradesh,43727
Pedakurapadu,BHASHYAM PRAVEEN,Telugu Desam,135,Andhra pradesh,21089
Pedana,KAGITHA KRISHNAPRASAD,Telugu Desam,135,Andhra pradesh,38123
Peddapuram,CHINA RAJAPPA NIMMAKAYALA,Telugu Desam,135,Andhra pradesh,40451
Penamaluru,BODE PRASAD,Telugu Desam,135,Andhra pradesh,59915
Pendurthi,PANCHAKARLA RAMESH BABU,Janasena Party,21,Andhra pradesh,81870
Penukonda,S. SAVITHA,Telugu Desam,135,Andhra pradesh,33388
Pileru,NALLARI KISHAN KUMAR REDDY,Telugu Desam,135,Andhra pradesh,25081
Pithapuram,KONIDALA PAWAN KALYAN,Janasena Party,21,Andhra pradesh,70279
Polavaram,CHIRRI BALARAJU,Janasena Party,21,Andhra pradesh,7935
Ponnur,DHULIPALLA NARENDRA KUMAR,Telugu Desam,135,Andhra pradesh,32915
Prathipadu,VARUPULA SATYA PRABHA,Telugu Desam,135,Andhra pradesh,38768
Prathipadu (SC),BURLA RAMANJANEYULU,Telugu Desam,135,Andhra pradesh,42015
Proddatur,NANDYALA VARADA RAJULA REDDY,Telugu Desam,135,Andhra pradesh,22744
Satyavedu,KONETI ADIMULAM,Telugu Desam,135,Andhra pradesh,3739
Singanamala (SC),BANDARU SRAVANI SREE,Telugu Desam,135,Andhra pradesh,8788
Srikakulam,GONDU SHANKAR,Telugu Desam,135,Andhra pradesh,52521
Srikalahasti,BOJJALA VENKATA SUDHIR REDDY,Telugu Desam,135,Andhra pradesh,43304
Srisailam,BUDDA RAJASEKHARA REDDY,Telugu Desam,135,Andhra pradesh,6385
Srungavarapukota,KOLLA LALITHA KUMARI,Telugu Desam,135,Andhra pradesh,38790
Sullurpeta,NELAVALA VIJAYASREE,Telugu Desam,135,Andhra pradesh,29115
Tadepalligudem,BOLISETTY SRINIVAS,Janasena Party,21,Andhra pradesh,62492
Tadikonda (SC),TENALI SRAVAN KUMAR,Telugu Desam,135,Andhra pradesh,39606
Tadpatri,ASHMIT REDDY J.C,Telugu Desam,135,Andhra pradesh,27731
Tanuku,ARIMILLI RADHA KRISHNA,Telugu Desam,135,Andhra pradesh,72121
Tekkali,ATCHANNAIDU KINJARAPU,Telugu Desam,135,Andhra pradesh,34435
Tenali,NADENDLA MANOHAR,Janasena Party,21,Andhra pradesh,48112
Thamballapalle,P. DWARAKANATHA REDDY,Yuvajana Sramika Rythu Congress Party,11,Andhra pradesh,10103
Tirupati,ARANII SRENEVASULU,Janasena Party,21,Andhra pradesh,61956
Tiruvuru (SC),KOLIKAPUDI SRINIVASA RAO,Telugu Desam,135,Andhra pradesh,21874
Tuni,DIVYA YANAMALA,Telugu Desam,135,Andhra pradesh,15177
Udayagiri,KAKARLA SURESH,Telugu Desam,135,Andhra pradesh,9621
Undi,KANUMURU RAGHU RAMA KRISHNA RAJU (R R R),Telugu Desam,135,Andhra pradesh,56777
Ungutur,DHARMARAJU PATSAMATLA,Janasena Party,21,Andhra pradesh,44945
Anandapur,ABHIMANYU SETHI,Biju Janata Dal,51,odisha,10966
Angul,PRATAP CHANDRA PRADHAN,Bharatiya Janata Party,78,odisha,17433
Aska,SAROJ KUMAR PADHI,Bharatiya Janata Party,78,odisha,8059
Athagarh,RANENDRA PRATAP SWAIN,Biju Janata Dal,51,odisha,3584
Athamallik,NALINI KANTA PRADHAN,Biju Janata Dal,51,odisha,16153
Attabira,NIHAR RANJAN MAHANAND,Bharatiya Janata Party,78,odisha,28910
Aul,PRATAP KESHARI DEB,Biju Janata Dal,51,odisha,19628
Badasahi,SANATAN BIJULI,Bharatiya Janata Party,78,odisha,37387
Balasore,MANAS KUMAR DUTTA,Bharatiya Janata Party,78,odisha,28626
Baliguda,CHAKRAMANI KANHAR,Biju Janata Dal,51,odisha,1671
Balikuda-Erasama,SARADA PRASANNA JENA,Biju Janata Dal,51,odisha,25959
Bangriposi,SANJALI MURMU,Bharatiya Janata Party,78,odisha,34476
Banki,DEVI RANJAN TRIPATHY,Biju Janata Dal,51,odisha,17026
Barabati-Cuttack,SOFIA FIRDOUS,Indian National Congress,14,odisha,8001
Barachana,AMAR KUMAR NAYAK,Bharatiya Janata Party,78,odisha,6310
Baramba,BIJAYA KUMAR DALABEHERA,Independent,3,odisha,23479
Bargarh,ASHWINI KUMAR SARANGI,Bharatiya Janata Party,78,odisha,4772
Bari,BISWA RANJAN MALLICK,Biju Janata Dal,51,odisha,51465
Baripada,PRAKASH SOREN,Bharatiya Janata Party,78,odisha,29385
Basta,SUBASINI JENA,Biju Janata Dal,51,odisha,20377
Talcher,BRAJA KISHORE PRADHAN,Biju Janata Dal,51,odisha,32122
Talsara,BHABANI SHANKAR BHOI,Bharatiya Janata Party,78,odisha,17189
Telkoi,DR. FAKIR MOHAN NAIK,Bharatiya Janata Party,78,odisha,9439
Tirtol,RAMAKANTA BHOI,Biju Janata Dal,51,odisha,28495
Titlagarh,NABIN KUMAR JAIN,Bharatiya Janata Party,78,odisha,17399
Udala,BHASKAR MADHEI,Bharatiya Janata Party,78,odisha,6517
Umerkote,NITYANANDA GOND,Bharatiya Janata Party,78,odisha,10373
Basudevpur,ASHOK KUMAR DAS,Indian National Congress,14,odisha,631
Begunia,PRADIP KUMAR SAHU S/O-LAXMIDHAR SAHU,Biju Janata Dal,51,odisha,47814
Berhampur,K. ANIL KUMAR,Bharatiya Janata Party,78,odisha,18709
Bhadrak,SITANSU SEKHAR MOHAPATRA,Bharatiya Janata Party,78,odisha,16068
Bhandaripokhari,SANJIB KUMAR MALLICK,Biju Janata Dal,51,odisha,1551
Bhanjanagar,PRADYUMNA KUMAR NAYAK,Bharatiya Janata Party,78,odisha,16324
Bhatli,IRASIS ACHARYA,Bharatiya Janata Party,78,odisha,27892
Bhawanipatna,SAGAR CHARAN DAS,Indian National Congress,14,odisha,13741
Bhograi,GOUTAM BUDDHA DAS,Biju Janata Dal,51,odisha,6564
Bhubaneswar Central,ANANTA NARAYAN JENA,Biju Janata Dal,51,odisha,37
Bhubaneswar North,SUSANT KUMAR ROUT,Biju Janata Dal,51,odisha,11343
Bijepur,SANAT KUMAR GARTIA,Bharatiya Janata Party,78,odisha,10066
Binjharpur,PRAMILA MALLIK,Biju Janata Dal,51,odisha,2856
Biramitrapur,ROHIT JOSEPH TIRKEY,Biju Janata Dal,51,odisha,6884
Birmaharajpur,RAGHUNATH JAGADALA,Bharatiya Janata Party,78,odisha,21946
Bissam Cuttack,NILAMADHAB HIKAKA,Indian National Congress,14,odisha,9403
Bolangir,KALIKESH NARAYAN SINGH DEO,Biju Janata Dal,51,odisha,13409
Bonai,LAXMAN MUNDA,Communist Party of India  (Marxist),1,odisha,23439
Boudh,SAROJ KUMAR PRADHAN,Bharatiya Janata Party,78,odisha,2765
Brahmagiri,UPASNA MOHAPATRA,Bharatiya Janata Party,78,odisha,9830
Brajarajnagar,SURESH PUJARI,Bharatiya Janata Party,78,odisha,26789
Champua,SANATAN MAHAKUD,Biju Janata Dal,51,odisha,39994
Chandabali,BYOMAKESH RAY,Biju Janata Dal,51,odisha,1916
Chhatrapur,KRUSHNA CHANDRA NAYAK,Bharatiya Janata Party,78,odisha,11438
Chhendipada,AGASTI BEHERA,Bharatiya Janata Party,78,odisha,15063
Chikiti,MANORANJAN DYAN SAMANTARA,Bharatiya Janata Party,78,odisha,6522
Chilika,PRITHIVIRAJ HARICHANDAN,Bharatiya Janata Party,78,odisha,4566
Chitrakonda,MANGU KHILLA,Indian National Congress,14,odisha,9159
Choudwar-Cuttack,SOUVIC BISWAL,Biju Janata Dal,51,odisha,17816
Cuttack Sadar,PRAKASH CHANDRA SETHI,Bharatiya Janata Party,78,odisha,3809
Dabugam,MANOHAR RANDHARI,Biju Janata Dal,51,odisha,21455
Daspalla,RAMESH CHANDRA BEHERA,Biju Janata Dal,51,odisha,6296
Deogarh,ROMANCHA RANJAN BISWAL,Biju Janata Dal,51,odisha,15792
Dhamnagar,SURYABANSHI SURAJ STHITAPRAJNA,Bharatiya Janata Party,78,odisha,8095
Dharamgarh,SUDHIR RANJAN PATTJOSHI,Bharatiya Janata Party,78,odisha,18927
Dharmasala,HIMANSHU SEKHAR SAHOO F-LATE RAMESH CHANDRA SAHOO,Independent,3,odisha,4150
Dhenkanal,KRUSHNA CHANDRA PATRA,Bharatiya Janata Party,78,odisha,20439
Digapahandi,SIDHANT MOHAPATRA,Bharatiya Janata Party,78,odisha,16847
Ekamra-Bhubaneswar,BABU SINGH,Bharatiya Janata Party,78,odisha,5023
G. Udayagiri,PRAFULLA CHANDRA PRADHAN,Indian National Congress,14,odisha,7857
Talcher,BRAJA KISHORE PRADHAN,Biju Janata Dal,51,odisha,32122
Talsara,BHABANI SHANKAR BHOI,Bharatiya Janata Party,78,odisha,17189
Telkoi,DR. FAKIR MOHAN NAIK,Bharatiya Janata Party,78,odisha,9439
Tirtol,RAMAKANTA BHOI,Biju Janata Dal,51,odisha,28495
Titlagarh,NABIN KUMAR JAIN,Bharatiya Janata Party,78,odisha,17399
Udala,BHASKAR MADHEI,Bharatiya Janata Party,78,odisha,6517
Umerkote,NITYANANDA GOND,Bharatiya Janata Party,78,odisha,10373
Karanjia,PADMA CHARAN HAIBURU,Bharatiya Janata Party,78,odisha,29499
Kendrapara,GANESWAR BEHERA,Biju Janata Dal,51,odisha,35418
Keonjhar,MOHAN CHARAN MAJHI,Bharatiya Janata Party,78,odisha,11577
Khalikote,PURNA CHANDRA SETHY,Bharatiya Janata Party,78,odisha,23057
Khandapada,DUSMANTA KUMAR SWAIN,Bharatiya Janata Party,78,odisha,7343
Khariar,ADHIRAJ MOHAN PANIGRAHI,Biju Janata Dal,51,odisha,9618
Khurda,PRASANTA KUMAR JAGADEV,Bharatiya Janata Party,78,odisha,8598
Koraput,RAGHURAM MACHHA,Bharatiya Janata Party,78,odisha,2524
Korei,AKASH DASNAYAK,Bharatiya Janata Party,78,odisha,5646
Kotpad,RUPU BHATRA,Bharatiya Janata Party,78,odisha,26264
Kuchinda,RABI NARAYAN NAIK,Bharatiya Janata Party,78,odisha,32220
Lakshmipur,PABITRA SAUNTA,Indian National Congress,14,odisha,21262
Lanjigarh,PRADIP KUMAR DISHARI,Biju Janata Dal,51,odisha,6501
Loisingha,MUKESH MAHALING,Bharatiya Janata Party,78,odisha,18190
Mahakalapada,DURGA PRASAN NAYAK,Bharatiya Janata Party,78,odisha,33526
Mahanga,SARADA PRASAD PADHAN,Independent,3,odisha,7423
Malkangiri,NARASINGA MADKAMI,Bharatiya Janata Party,78,odisha,14890
Mohana,DASARATHI GAMANGO,Indian National Congress,14,odisha,4059
Morada,DR. KRUSHNA CHANDRA MAHAPATRA,Bharatiya Janata Party,78,odisha,33270
Nabarangpur,GOURI SHANKAR MAJHI,Bharatiya Janata Party,78,odisha,25094
Narla,MANORAMA MOHANTY,Biju Janata Dal,51,odisha,5205
Nayagarh,ARUNA KUMAR SAHOO,Biju Janata Dal,51,odisha,439
Niali,CHHABI MALIK,Bharatiya Janata Party,78,odisha,1452
Nilgiri,SANTOSH KHATUA,Bharatiya Janata Party,78,odisha,19839
Nimapara,PRAVATI PARIDA,Bharatiya Janata Party,78,odisha,4588
Nuapada,RAJENDRA DHOLAKIA,Biju Janata Dal,51,odisha,10881
Padampur,BARSHA SINGH BARIHA,Biju Janata Dal,51,odisha,10993
Pallahara,ASHOK MOHANTY,Bharatiya Janata Party,78,odisha,7563
Paradeep,SAMPAD CHANDRA SWAIN,Bharatiya Janata Party,78,odisha,15787
Paralakhemundi,RUPESH KUMAR PANIGRAHI,Biju Janata Dal,51,odisha,3998
Parjanga,BIBHUTI BHUSAN PRADHAN,Bharatiya Janata Party,78,odisha,32162
Patkura,ARVIND MOHAPATRA,Biju Janata Dal,51,odisha,13822
Patna,AKHILA CHANDRA NAIK,Bharatiya Janata Party,78,odisha,37979
Patnagarh,KANAK VARDHAN SINGH DEO,Bharatiya Janata Party,78,odisha,1357
Phulbani,UMA CHARAN MALLICK,Bharatiya Janata Party,78,odisha,2858
Pipili,ASHRIT PATTANAYAK,Bharatiya Janata Party,78,odisha,15162
Polasara,GOKULANANDA MALLIK,Bharatiya Janata Party,78,odisha,20946
Pottangi,RAMA CHANDRA KADAM,Indian National Congress,14,odisha,1919
Puri,SUNIL KUMAR MOHANTY,Biju Janata Dal,51,odisha,5178
Raghunathpali,DURGA CHARAN TANTI,Bharatiya Janata Party,78,odisha,5774
Rairakhol,PRASANNA ACHARYA,Biju Janata Dal,51,odisha,4960
Rairangpur,JALEN NAIK,Bharatiya Janata Party,78,odisha,7693
Rajanagar,DHRUBA CHARAN SAHOO,Biju Janata Dal,51,odisha,18241
Rajgangpur,C.S. RAAZEN EKKA,Indian National Congress,14,odisha,10184
Ranpur,SURAMA PADHY,Bharatiya Janata Party,78,odisha,15544
Rayagada,KADRAKA APPALA SWAMY,Indian National Congress,14,odisha,29186
Remuna,GOBINDA CHANDRA DAS,Bharatiya Janata Party,78,odisha,24168
Rengali,SUDARSHAN HARIPAL,Biju Janata Dal,51,odisha,3212
Rourkela,SARADA PRASAD NAYAK,Biju Janata Dal,51,odisha,3552
Salipur,PRASANTA BEHERA,Biju Janata Dal,51,odisha,7594
Sambalpur,JAYANARAYAN MISHRA,Bharatiya Janata Party,78,odisha,4105
Sanakhemundi,RAMESH CHANDRA JENA,Indian National Congress,14,odisha,10662
Saraskana,BHADAV HANSDAH,Bharatiya Janata Party,78,odisha,13652
Satyabadi,OM PRAKASH MISHRA,Bharatiya Janata Party,78,odisha,17708
Simulia,PADMA LOCHAN PANDA,Bharatiya Janata Party,78,odisha,13183
Sonepur,NIRANJAN PUJARI,Biju Janata Dal,51,odisha,15239
Soro,MADHAB DHADA,Biju Janata Dal,51,odisha,802
Sukinda,PRADEEP BAL SAMANTA,Bharatiya Janata Party,78,odisha,9577
Sundargarh,JOGESH KUMAR SINGH,Biju Janata Dal,51,odisha,9122
Surada,NILAMANI BISOYI,Bharatiya Janata Party,78,odisha,28224
Along (East),KENTO JINI,Bharatiya Janata Party,46,Arunachal pradesh,3158
Along (West),TOPIN ETE,Bharatiya Janata Party,46,Arunachal pradesh,1951
Anini,MOPI MIHU,Bharatiya Janata Party,46,Arunachal pradesh,1173
Bameng,KUMAR WAII,Indian National Congress,1,Arunachal pradesh,635
Basar,NYABI JINI DIRCHI,Bharatiya Janata Party,46,Arunachal pradesh,1791
Bomdila,DONGRU SIONGJU,Bharatiya Janata Party,46,Arunachal pradesh,-
Bordumsa-Diyun,NIKH KAMIN,Nationalist Congress Party,3,Arunachal pradesh,1352
Borduria-Bogapani,WANGLIN LOWANGDONG,Bharatiya Janata Party,46,Arunachal pradesh,1452
Changlang(North),TESAM PONGTE,Bharatiya Janata Party,46,Arunachal pradesh,2002
Changlang(South),HAMJONG TANGHA,Bharatiya Janata Party,46,Arunachal pradesh,1482
Chayangtajo,HAYENG MANGFI,Bharatiya Janata Party,46,Arunachal pradesh,6685
Chowkham,CHOWNA MEIN,Bharatiya Janata Party,46,Arunachal pradesh,-
Dambuk,PUINNYO APUM,Bharatiya Janata Party,46,Arunachal pradesh,222
Daporijo,TANIYA SOKI,Bharatiya Janata Party,46,Arunachal pradesh,228
Dirang,PHURPA TSERING,Bharatiya Janata Party,46,Arunachal pradesh,1202
Doimukh,NABAM VIVEK,People's Party of Arunachal,2,Arunachal pradesh,2530
Dumporijo,RODE BUI,Bharatiya Janata Party,46,Arunachal pradesh,1591
Hayuliang,DASANGLU PUL,Bharatiya Janata Party,46,Arunachal pradesh,-
Itanagar,TECHI KASO,Bharatiya Janata Party,46,Arunachal pradesh,-
Kalaktang,TSETEN CHOMBAY KEE,Bharatiya Janata Party,46,Arunachal pradesh,2869
Pakke-Kessang,BIYURAM WAHGE,Bharatiya Janata Party,46,Arunachal pradesh,813
Palin,BALO RAJA,Bharatiya Janata Party,46,Arunachal pradesh,5040
Pangin,OJING TASING,Bharatiya Janata Party,46,Arunachal pradesh,2594
Pasighat(East),TAPI DARANG,National People's Party,5,Arunachal pradesh,321
Pasighat(West),NINONG ERING,Bharatiya Janata Party,46,Arunachal pradesh,2871
Pongchau-Wakka,HONCHUN NGANDAM,Bharatiya Janata Party,46,Arunachal pradesh,4662
Raga,ROTOM TEBIN,Bharatiya Janata Party,46,Arunachal pradesh,2934
Roing,MUTCHU MITHI,Bharatiya Janata Party,46,Arunachal pradesh,-
Rumgong,TALEM TABOH,Bharatiya Janata Party,46,Arunachal pradesh,1182
Sagalee,RATU TECHI,Bharatiya Janata Party,46,Arunachal pradesh,-
Seppa (East),EALING TALLANG,Bharatiya Janata Party,46,Arunachal pradesh,5600
Seppa (West),MAMA NATUNG,Bharatiya Janata Party,46,Arunachal pradesh,1249
Tali,JIKKE TAKO,Bharatiya Janata Party,46,Arunachal pradesh,-
Taliha,NYATO DUKAM,Bharatiya Janata Party,46,Arunachal pradesh,-
Tawang,NAMGEY TSERING,National People's Party,5,Arunachal pradesh,996
Tezu,DR. MOHESH CHAI,Bharatiya Janata Party,46,Arunachal pradesh,2805
Thrizino-Buragaon,TENZIN NYIMA GLOW,Independent,3,Arunachal pradesh,400
Tuting-Yingkiong,ALO LIBANG,Bharatiya Janata Party,46,Arunachal pradesh,915
Yachuli,TOKO TATUNG,Nationalist Congress Party,3,Arunachal pradesh,228
Ziro-Hapoli,HAGE APPA,Bharatiya Janata Party,46,Arunachal pradesh,-
Kanubari,GABRIEL DENWANG WANGSU,Bharatiya Janata Party,46,Arunachal pradesh,2059
Khonsa (West),CHAKAT ABOH,Bharatiya Janata Party,46,Arunachal pradesh,804
Khonsa(East),WANGLAM SAWIN,Independent,3,Arunachal pradesh,2216
Koloriang,PANI TARAM,Bharatiya Janata Party,46,Arunachal pradesh,10550
Lekang,LIKHA SONI,Nationalist Congress Party,3,Arunachal pradesh,654
Likabali(ST),KARDO NYIGYOR,Bharatiya Janata Party,46,Arunachal pradesh,2605
Liromoba,PESI JILEN,National People's Party,5,Arunachal pradesh,1698
Longding-Pumao,THANGWANG WANGHAM,National People's Party,5,Arunachal pradesh,169
Lumla,TSERING LHAMU,Bharatiya Janata Party,46,Arunachal pradesh,1531
Mariyang,ONI PANYANG,National People's Party,5,Arunachal pradesh,673
Mebo,OKEN TAYENG,People's Party of Arunachal,2,Arunachal pradesh,1017
Mechuka,PASANG DORJEE SONA,Bharatiya Janata Party,46,Arunachal pradesh,2558
Miao,KAMLUNG MOSANG,Bharatiya Janata Party,46,Arunachal pradesh,3127
Mukto,PEMA KHANDU,Bharatiya Janata Party,46,Arunachal pradesh,-
Nacho,NAKAP NALO,Bharatiya Janata Party,46,Arunachal pradesh,1373
Nampong,LAISAM SIMAI,Independent,3,Arunachal pradesh,68
Namsai,CHAU ZINGNU NAMCHOOM,Bharatiya Janata Party,46,Arunachal pradesh,8556
Namsang,WANGKI LOWANG,Bharatiya Janata Party,46,Arunachal pradesh,56
Nari Koyu(ST),TOJIR KADU,Bharatiya Janata Party,46,Arunachal pradesh,1649
Nyapin,TAI NIKIO,Bharatiya Janata Party,46,Arunachal pradesh,1182
ARITHANG,ARUN KUMAR UPRETI,Sikkim Krantikari Morcha,31,Sikkm,2729
BARFUNG,RIKSHAL DORJEE BHUTIA,Sikkim Krantikari Morcha,31,Sikkm,4346
CHUJACHEN,PURAN KR. GURUNG,Sikkim Krantikari Morcha,31,Sikkm,3334
DARAMDIN,MINGMA NORBU SHERPA,Sikkim Krantikari Morcha,31,Sikkm,5975
DJONGU,PINTSO NAMGYAL LEPCHA,Sikkim Krantikari Morcha,31,Sikkm,5007
GANGTOK,DELAY NAMGYAL BARFUNGPA,Sikkim Krantikari Morcha,31,Sikkm,2692
GNATHANG-MACHONG,PAMIN LEPCHA,Sikkim Krantikari Morcha,31,Sikkm,3807
GYALSHING-BARNYAK,LOK NATH SHARMA,Sikkim Krantikari Morcha,31,Sikkm,963
KABI LUNGCHUK,THENLAY TSHERING BHUTIA,Sikkim Krantikari Morcha,31,Sikkm,1693
KHAMDONG-SINGTAM,NAR BAHADUR DAHAL,Sikkim Krantikari Morcha,31,Sikkm,1739
LACHEN MANGAN,SAMDUP LEPCHA,Sikkim Krantikari Morcha,31,Sikkm,851
MANEYBONG-DENTAM,SUDESH KUMAR SUBBA,Sikkim Krantikari Morcha,31,Sikkm,6039
MARTAM-RUMTEK,SONAM TSH. VENCHUNGPA,Sikkim Krantikari Morcha,31,Sikkm,2762
MELLI,NAR BAHADUR PRADHAN,Sikkim Krantikari Morcha,31,Sikkm,4283
NAMCHEYBUNG,RAJU BASNET,Sikkim Krantikari Morcha,31,Sikkm,2256
NAMCHI-SINGHITHANG,KRISHNA KUMARI RAI,Sikkim Krantikari Morcha,31,Sikkm,5302
NAMTHANG-RATEYPANI,SANJEET KHAREL,Sikkim Krantikari Morcha,31,Sikkm,5605
POKLOK-KAMRANG,BHOJ RAJ RAI,Sikkim Krantikari Morcha,31,Sikkm,3063
RANGANG-YANGANG,RAJ KUMARI THAPA,Sikkim Krantikari Morcha,31,Sikkm,1201
RHENOCK,P S TAMANG,Sikkim Krantikari Morcha,31,Sikkm,7044
RINCHENPONG,ERUNG TENZING LEPCHA,Sikkim Krantikari Morcha,31,Sikkm,6400
SALGHARI-ZOOM,MADAN CINTURY,Sikkim Krantikari Morcha,31,Sikkm,2712
SANGHA,SONAM LAMA,Sikkim Krantikari Morcha,31,Sikkm,865
SHYARI,TENZING NORBU LAMTHA,Sikkim Democratic Front,1,Sikkm,1314
SORENG-CHAKUNG,P S TAMANG,Sikkim Krantikari Morcha,31,Sikkm,7396
TEMI-NAMPHING,BEDU SINGH PANTH,Sikkim Krantikari Morcha,31,Sikkm,3558
TUMEN-LINGI,SAMDUP TSHERING BHUTIA,Sikkim Krantikari Morcha,31,Sikkm,4088
UPPER BURTUK,KALA RAI,Sikkim Krantikari Morcha,31,Sikkm,2568
UPPER TADONG,G.T. DHUNGEL,Sikkim Krantikari Morcha,31,Sikkm,4089
WEST PENDAM,LALL BAHADUR DAS,Sikkim Krantikari Morcha,31,Sikkm,1952
YANGTHANG,BHIM HANG LIMBOO,Sikkim Krantikari Morcha,31,Sikkm,2556
YUKSOM TASHIDING,TSHERING THENDUP BHUTIA,Sikkim Krantikari Morcha,31,Sikkm,4812
